index,mid,display_name
0,/m/07q2z82,Accelerating_and_revving_and_vroom
1,/m/0mkg,Accordion
2,/m/042v_gx,Acoustic_guitar
3,/m/0k5j,Aircraft
4,/m/07pp_mv,Alarm
5,/m/0jbk,Animal
6,/m/028ght,Applause
7,/m/05tny_,Bark
8,/m/0bm02,Bass_drum
9,/m/018vs,Bass_guitar
10,/m/03dnzn,Bathtub_(filling_or_washing)
11,/m/0395lw,Bell
12,/m/0199g,Bicycle
13,/m/0gy1t2s,Bicycle_bell
14,/m/015p6,Bird
15,/m/020bb7,Bird_vocalization_and_bird_call_and_bird_song
16,/m/019jd,Boat_and_Water_vehicle
17,/m/0dv3j,Boiling
18,/m/07qqyl4,Boom
19,/m/0l14_3,Bowed_string_instrument
20,/m/01kcd,Brass_instrument
21,/m/0lyf6,Breathing
22,/m/03q5_w,Burping_and_eructation
23,/m/01bjv,Bus
24,/m/07pjwq1,Buzz
25,/m/0dv5r,Camera
26,/m/0k4j,Car
27,/t/dd00134,Car_passing_by
28,/m/01yrx,Cat
29,/m/07rkbfh,Chatter
30,/m/053hz1,Cheering
31,/m/03cczk,Chewing_and_mastication
32,/m/09b5t,Chicken_and_rooster
33,/m/0ytgt,Child_speech_and_kid_speaking
34,/m/0f8s22,Chime
35,/m/07q7njn,Chink_and_clink
36,/m/07pggtn,Chirp_and_tweet
37,/m/07rgt08,Chuckle_and_chortle
38,/m/03w41f,Church_bell
39,/m/0l15bq,Clapping
40,/m/01x3z,Clock
41,/m/0242l,Coin_(dropping)
42,/m/01m2v,Computer_keyboard
43,/m/01h8n0,Conversation
44,/m/01b_21,Cough
45,/m/0239kh,Cowbell
46,/m/07qs1cx,Crack
47,/m/07pzfmf,Crackle
48,/m/0bm0k,Crash_cymbal
49,/m/09xqv,Cricket
50,/m/04s8yn,Crow
51,/m/03qtwd,Crowd
52,/t/dd00112,Crumpling_and_crinkling
53,/m/07plct2,Crushing
54,/m/0463cq4,Crying_and_sobbing
55,/m/0642b4,Cupboard_open_or_close
56,/m/023pjk,Cutlery_and_silverware
57,/m/01qbl,Cymbal
58,/m/04brg2,Dishes_and_pots_and_pans
59,/m/0bt9lr,Dog
60,/m/068hy,Domestic_animals_and_pets
61,/t/dd00071,Domestic_sounds_and_home_sounds
62,/m/02dgv,Door
63,/m/03wwcy,Doorbell
64,/m/0fqfqc,Drawer_open_or_close
65,/m/01d380,Drill
66,/m/07r5v4s,Drip
67,/m/026t6,Drum
68,/m/02hnl,Drum_kit
69,/m/02sgy,Electric_guitar
70,/m/02mk9,Engine
71,/t/dd00130,Engine_starting
72,/m/014zdl,Explosion
73,/m/02_nn,Fart
74,/t/dd00004,Female_singing
75,/m/02zsn,Female_speech_and_woman_speaking
76,/m/07p7b8y,Fill_(with_liquid)
77,/m/025_jnm,Finger_snapping
78,/m/02_41,Fire
79,/m/0g6b5,Fireworks
80,/m/0cmf2,Fixed-wing_aircraft_and_airplane
81,/m/025rv6n,Fowl
82,/m/09ld4,Frog
83,/m/0dxrf,Frying_(food)
84,/m/07s0dtb,Gasp
85,/m/07r660_,Giggle
86,/m/039jq,Glass
87,/m/0dwtp,Glockenspiel
88,/m/0mbct,Gong
89,/m/0ghcn6,Growling
90,/m/0342h,Guitar
91,/m/01dwxx,Gull_and_seagull
92,/m/032s66,Gunshot_and_gunfire
93,/m/07swgks,Gurgling
94,/m/03l9g,Hammer
95,/m/0k65p,Hands
96,/m/03qjg,Harmonica
97,/m/03m5k,Harp
98,/m/03qtq,Hi-hat
99,/m/07rjwbb,Hiss
100,/t/dd00012,Human_group_actions
101,/m/09l8g,Human_voice
102,/m/07pb8fc,Idling
103,/m/03vt0,Insect
104,/m/05148p4,Keyboard_(musical)
105,/m/03v3yw,Keys_jangling
106,/m/07r4wb8,Knock
107,/m/01j3sz,Laughter
108,/m/04k94,Liquid
109,/m/0ch8v,Livestock_and_farm_animals_and_working_animals
110,/t/dd00003,Male_singing
111,/m/05zppz,Male_speech_and_man_speaking
112,/m/0j45pbj,Mallet_percussion
113,/m/0dwsp,Marimba_and_xylophone
114,/m/02x984l,Mechanical_fan
115,/t/dd00077,Mechanisms
116,/m/07qrkrw,Meow
117,/m/0fx9l,Microwave_oven
118,/m/012f08,Motor_vehicle_(road)
119,/m/04_sv,Motorcycle
120,/m/04rlf,Music
121,/m/04szw,Musical_instrument
122,/m/05kq4,Ocean
123,/m/013y1f,Organ
124,/m/05mxj0q,Packing_tape_and_duct_tape
125,/m/0l14md,Percussion
126,/m/05r5c,Piano
127,/m/0fx80y,Plucked_string_instrument
128,/m/07prgkl,Pour
129,/m/0_ksk,Power_tool
130,/m/01m4t,Printer
131,/m/02yds9,Purr
132,/m/0ltv,Race_car_and_auto_racing
133,/m/06d_3,Rail_transport
134,/m/06mb1,Rain
135,/m/07r10fb,Raindrop
136,/m/02bm9n,Ratchet_and_pawl
137,/m/07qn4z3,Rattle
138,/m/05r5wn,Rattle_(instrument)
139,/m/09hlz4,Respiratory_sounds
140,/m/01hnzm,Ringtone
141,/m/06h7j,Run
142,/m/01b82r,Sawing
143,/m/01lsmm,Scissors
144,/m/01hgjl,Scratching_(performance_technique)
145,/m/03qc9zr,Screaming
146,/m/07q8k13,Screech
147,/m/07rn7sz,Shatter
148,/m/07p6fty,Shout
149,/m/07plz5l,Sigh
150,/m/015lz1,Singing
151,/m/0130jx,Sink_(filling_or_washing)
152,/m/03kmc9,Siren
153,/m/06_fw,Skateboard
154,/m/07rjzl8,Slam
155,/m/02y_763,Sliding_door
156,/m/06rvn,Snare_drum
157,/m/01hsr_,Sneeze
158,/m/09x0r,Speech
159,/m/0brhx,Speech_synthesizer
160,/m/07rrlb6,Splash_and_splatter
161,/m/07q6cd_,Squeak
162,/m/0j6m2,Stream
163,/m/07s0s5r,Strum
164,/m/0195fx,Subway_and_metro_and_underground
165,/m/01p970,Tabla
166,/m/07brj,Tambourine
167,/m/07qcpgn,Tap
168,/m/07qcx4z,Tearing
169,/m/07cx4,Telephone
170,/m/07qnq_y,Thump_and_thud
171,/m/0ngt1,Thunder
172,/m/0jb2l,Thunderstorm
173,/m/07qjznt,Tick
174,/m/07qjznl,Tick-tock
175,/m/01jt3m,Toilet_flush
176,/m/07k1x,Tools
177,/m/0btp2,Traffic_noise_and_roadway_noise
178,/m/07jdr,Train
179,/m/07pqc89,Trickle_and_dribble
180,/m/07r04,Truck
181,/m/07gql,Trumpet
182,/m/0c2wf,Typewriter
183,/m/0316dw,Typing
184,/m/07yv9,Vehicle
185,/m/0912c9,Vehicle_horn_and_car_horn_and_honking
186,/m/07pbtc8,Walk_and_footsteps
187,/m/0838f,Water
188,/m/02jz0l,Water_tap_and_faucet
189,/m/034srq,Waves_and_surf
190,/m/02rtxlg,Whispering
191,/m/07rqsjt,Whoosh_and_swoosh_and_swish
192,/m/01280g,Wild_animals
193,/m/03m9d0z,Wind
194,/m/026fgl,Wind_chime
195,/m/085jw,Wind_instrument_and_woodwind_instrument
196,/m/083vt,Wood
197,/m/081rb,Writing
198,/m/07sr1lc,Yell
199,/m/01s0vc,Zipper_(clothing)